{
    "Houston": 97.59273688227466,
    "Arizona": 96.77320964332546,
    "Purdue": 95.76369625643332,
    "Connecticut": 95.5173976499028,
    "Iowa State": 94.2232581266191,
    "Auburn": 93.8179353967174,
    "Tennessee": 92.79938906476046,
    "Alabama": 92.65882841756671,
    "North Carolina": 91.89890895482712,
    "Brigham Young": 91.82649530248285,
    "Baylor": 91.43999488552517,
    "Creighton": 91.23440502873335,
    "Duke": 91.10661518925538,
    "Illinois": 90.60861993533888,
    "Marquette": 90.57003969306047,
    "Michigan State": 88.96772060282917,
    "Kansas": 88.90514024748605,
    "Saint Marys Ca": 88.87645942670227,
    "Kentucky": 88.60765898538395,
    "Gonzaga": 88.53797456488168,
    "Wisconsin": 87.78826439758204,
    "St Johns Ny": 87.38528495135394,
    "Colorado": 87.35389640281645,
    "New Mexico": 87.33551257772248,
    "Texas": 87.2217967256373,
    "Texas Tech": 87.03999544417742,
    "Cincinnati": 86.71106893029229,
    "Texas Christian": 86.59760990435048,
    "Utah": 86.57437100108707,
    "Florida": 86.5302231917808,
    "Nebraska": 86.2895205762821,
    "Pittsburgh": 86.28289495383763,
    "San Diego State": 86.27903484682629,
    "Oklahoma": 86.22726669404041,
    "Wake Forest": 86.22677401411988,
    "Clemson": 85.92374425757208,
    "Villanova": 85.87482270945382,
    "Mississippi State": 85.79926627510493,
    "Washington State": 85.33688955074207,
    "Ohio State": 85.26643124755225,
    "Boise State": 85.20816417346161,
    "Florida Atlantic": 84.96557695914015,
    "Nevada": 84.71845701757107,
    "Iowa": 84.53410738035561,
    "Colorado State": 84.44712388715395,
    "Dayton": 84.41001501560137,
    "Indiana State": 84.39082427741685,
    "Central Florida": 83.96462644883955,
    "Texas Am": 83.96030473737444,
    "Providence": 83.72006911975106,
    "Northwestern": 83.60083689434803,
    "Xavier": 83.5300947400842,
    "Butler": 83.4175516102499,
    "Utah State": 83.39149861964714,
    "Virginia Tech": 83.20956048383414,
    "Oregon": 83.20004471267393,
    "Washington": 83.18275928184094,
    "Kansas State": 82.91640336160573,
    "Drake": 82.69385840172323,
    "Seton Hall": 82.56110581248058,
    "North Carolina State": 82.53541072784492,
    "South Carolina": 82.46875298535082,
    "Virginia": 82.42835652126253,
    "Maryland": 82.04223895011845,
    "Southern Methodist": 81.9457381955292,
    "San Francisco": 81.22945450865006,
    "Bradley": 81.18306418163493,
    "Miami Fl": 81.17574360318362,
    "Grand Canyon": 81.13342015306031,
    "Minnesota": 80.9696562472335,
    "Southern California": 80.79653286194198,
    "Penn State": 80.59290045108436,
    "Florida State": 80.56422606626127,
    "Boston College": 80.46043907935018,
    "Memphis": 80.17954196751771,
    "Nevada Las Vegas": 80.11338066262404,
    "James Madison": 80.01542860812702,
    "Virginia Commonwealth": 79.99401965602307,
    "North Texas": 79.86567175377147,
    "Louisiana State": 79.83677621537426,
    "Mississippi": 79.57515227779051,
    "Syracuse": 79.50506799864493,
    "Richmond": 79.49793840570213,
    "Georgia": 79.37019453482202,
    "Stanford": 79.09328797534594,
    "Indiana": 78.98098262012726,
    "Rutgers": 78.97773540571846,
    "Ucla": 78.92137336962688,
    "Massachusetts": 78.86961872207678,
    "California Irvine": 78.5621834555859,
    "Duquesne": 78.4341790720296,
    "South Florida": 78.42776527410476,
    "Mcneese State": 78.40780617566452,
    "St Bonaventure": 78.35416772213831,
    "Loyola Il": 78.25518258968694,
    "Samford": 78.19534191637904,
    "Oklahoma State": 78.0192474235419,
    "Saint Josephs": 77.99343098087253,
    "Princeton": 77.96149113837207,
    "George Mason": 77.72505407080884,
    "Appalachian State": 77.63305232722739,
    "Arkansas": 77.5221417214575,
    "Santa Clara": 77.06715602549552,
    "Michigan": 76.89123974056807,
    "Louisiana Tech": 76.42859302432608,
    "Arizona State": 76.36074154069301,
    "California": 76.34964124583516,
    "Yale": 76.10068332183636,
    "Notre Dame": 76.09016527929141,
    "Southern Illinois": 75.98233758420469,
    "Alabama Birmingham": 75.95339638594707,
    "Georgia Tech": 75.72938012205371,
    "Northern Iowa": 75.53786726669159,
    "College Of Charleston": 75.51570462608991,
    "Charlotte": 75.50175900815874,
    "West Virginia": 75.35515125291778,
    "Tulane": 75.1696192619424,
    "Davidson": 75.05941931590088,
    "Oregon State": 74.88545857929829,
    "Belmont": 74.66026738586022,
    "Seattle": 74.59527420023657,
    "Akron": 74.57508034267762,
    "Cornell": 74.560272927073,
    "Missouri": 74.54747640815694,
    "California San Diego": 74.2367624593716,
    "Vermont": 74.01608366371207,
    "Texas Arlington": 73.84205712487403,
    "Western Carolina": 73.73763146418875,
    "Liberty": 73.67834308600796,
    "Hofstra": 73.66635730575584,
    "Wichita State": 73.6638718113499,
    "Toledo": 73.55605961730853,
    "High Point": 73.37683736079005,
    "Troy": 73.11774155661877,
    "Oakland": 73.11687250268216,
    "Youngstown State": 73.02083818554902,
    "Missouri State": 72.94002193217197,
    "North Carolina Wilmington": 72.93620258352576,
    "Western Kentucky": 72.88800032850149,
    "Drexel": 72.7271689488153,
    "Wyoming": 72.49986644660909,
    "Morehead State": 72.44094482190366,
    "Murray State": 72.42853096253279,
    "South Dakota State": 72.36930593730482,
    "Ohio": 72.24200661244276,
    "Tarleton State": 72.11480958939067,
    "Chattanooga": 72.0486699290231,
    "Furman": 72.04834508538099,
    "Arkansas State": 72.02529720096484,
    "Towson": 71.94327444666607,
    "Loyola Marymount": 71.90466525304726,
    "Wright State": 71.76998478496517,
    "North Carolina Greensboro": 71.70998721172305,
    "Hawaii": 71.70150276813793,
    "Weber State": 71.68376883345643,
    "Georgetown": 71.65535538206016,
    "Louisville": 71.64859104737344,
    "Montana": 71.54019135383182,
    "Vanderbilt": 71.47040898370541,
    "Colgate": 71.4587797704039,
    "Louisiana Lafayette": 71.37312617331439,
    "Ipfw": 71.36953141640242,
    "Sam Houston State": 71.35860022070183,
    "Kent State": 71.35417071071065,
    "Eastern Washington": 71.2559698983354,
    "East Carolina": 71.05140123643164,
    "St Thomas Mn": 70.90363370793793,
    "Fordham": 70.8729922612522,
    "Pepperdine": 70.78268795844608,
    "George Washington": 70.71826528088124,
    "California Davis": 70.68202056987373,
    "Stephen F Austin": 70.634243858531,
    "Tulsa": 70.59822508961723,
    "Temple": 70.46123611566017,
    "Illinois State": 70.32461583495633,
    "Long Beach State": 70.31546540725364,
    "Delaware": 70.19171713142218,
    "Illinois Chicago": 70.19144116179334,
    "Massachusetts Lowell": 70.15957777062656,
    "Texas El Paso": 70.12845548734064,
    "Saint Louis": 70.05689131407522,
    "Lipscomb": 70.05233671397625,
    "Utah Valley": 70.0511555242097,
    "Longwood": 69.85080325324783,
    "North Carolina Asheville": 69.82268225563516,
    "La Salle": 69.7561359203327,
    "Winthrop": 69.50594163428094,
    "Rhode Island": 69.4395767313328,
    "Stony Brook": 69.14963943861476,
    "California Baptist": 69.0921964223675,
    "Arkansas Little Rock": 68.90087865348555,
    "Fresno State": 68.90019171802967,
    "Fairfield": 68.8909103171977,
    "Quinnipiac": 68.85506683725208,
    "Rice": 68.83985139628096,
    "California Santa Barbara": 68.82951071796118,
    "Cleveland State": 68.7228396442601,
    "Evansville": 68.71114336032485,
    "Bryant": 68.6975672270781,
    "East Tennessee State": 68.66925335632611,
    "Monmouth": 68.41182431604022,
    "Northern Kentucky": 68.32466339950442,
    "Texas State": 68.23142924813797,
    "Pennsylvania": 68.22211710434432,
    "Wofford": 68.06204128972344,
    "Jacksonville State": 68.04747700178201,
    "San Jose State": 68.04243949187249,
    "Northern Colorado": 67.66119134004593,
    "California Riverside": 67.60916338898186,
    "Texas Am Corpus Christi": 67.50976083334658,