{
    "Houston": 97.65739803377346,
    "Arizona": 96.94350851196118,
    "Purdue": 95.9460059782057,
    "Connecticut": 95.69901018354409,
    "Iowa State": 94.42868318615098,
    "Auburn": 94.40914961953513,
    "Tennessee": 92.97737868950648,
    "Alabama": 92.83114022577793,
    "Brigham Young": 92.11852170701921,
    "North Carolina": 92.04306602354455,
    "Baylor": 91.74757535776124,
    "Creighton": 91.38600901486207,
    "Duke": 91.26271000860307,
    "Illinois": 90.89636938428393,
    "Marquette": 90.74226031844525,
    "Michigan State": 89.22131858924617,
    "Kansas": 89.04818357133159,
    "Saint Marys Ca": 89.03011883400465,
    "Gonzaga": 88.81162435223216,
    "Kentucky": 88.70381532818602,
    "Wisconsin": 87.88552131211519,
    "Colorado": 87.76522562693947,
    "New Mexico": 87.69039965996144,
    "St Johns Ny": 87.48616291576933,
    "Texas": 87.3724095833297,
    "Texas Tech": 87.34653162857487,
    "Cincinnati": 86.98400358048255,
    "Utah": 86.88533833751373,
    "Texas Christian": 86.854231635921,
    "San Diego State": 86.59122620039399,
    "Oklahoma": 86.49633976646666,
    "Florida": 86.43165380523939,
    "Pittsburgh": 86.39951084429704,
    "Wake Forest": 86.3615542414721,
    "Nebraska": 86.35818253196109,
    "Mississippi State": 86.08279624691325,
    "Villanova": 86.04480128238009,
    "Clemson": 85.98102079786298,
    "Washington State": 85.68710757604059,
    "Colorado State": 85.44911102691528,
    "Boise State": 85.39053923175501,
    "Ohio State": 85.38615387905246,
    "Florida Atlantic": 85.183174923207,
    "Nevada": 85.03684944040047,
    "Iowa": 84.66494089966238,
    "Dayton": 84.5763106240768,
    "Indiana State": 84.56753189403881,
    "Central Florida": 84.19092147312924,
    "Texas Am": 84.14200851796491,
    "Providence": 83.84397352446233,
    "Northwestern": 83.76762399661942,
    "Utah State": 83.74351151346632,
    "Xavier": 83.68361248403436,
    "Butler": 83.56886084354319,
    "Oregon": 83.51734343082494,
    "Washington": 83.4540999615409,
    "Virginia Tech": 83.34712746997157,
    "Kansas State": 83.09515808823772,
    "Drake": 82.99751448281386,
    "Seton Hall": 82.7565760461081,
    "South Carolina": 82.66169331464438,
    "North Carolina State": 82.54926942239116,
    "Maryland": 82.19769337293476,
    "Virginia": 82.096161630678,
    "Southern Methodist": 82.0957663954536,
    "San Francisco": 81.51166951815894,
    "Grand Canyon": 81.43008547310478,
    "Bradley": 81.36288556794833,
    "Miami Fl": 81.31706995515539,
    "Minnesota": 81.23490219734184,
    "Southern California": 81.07145414848003,
    "Penn State": 80.82812059299702,
    "Florida State": 80.69536985276063,
    "Boston College": 80.55946825623737,
    "Memphis": 80.43008177818942,
    "Nevada Las Vegas": 80.4014782356833,
    "James Madison": 80.3374957328406,
    "Louisiana State": 80.03067250030132,
    "Virginia Commonwealth": 79.92787470150331,
    "North Texas": 79.91032251052991,
    "Mississippi": 79.79812426638102,
    "Syracuse": 79.65039466660652,
    "Georgia": 79.61304912567269,
    "Richmond": 79.48699778756354,
    "Stanford": 79.31605098850012,
    "Indiana": 79.2557842634185,
    "Ucla": 79.11797426613974,
    "Massachusetts": 79.10805122298316,
    "Rutgers": 79.08695167492748,
    "Duquesne": 78.81816542777146,
    "California Irvine": 78.71553477080653,
    "South Florida": 78.69798943956694,
    "Mcneese State": 78.60404005555235,
    "St Bonaventure": 78.52438247387057,
    "Loyola Il": 78.47128229082898,
    "Samford": 78.37363277007015,
    "Oklahoma State": 78.26957064162478,
    "Saint Josephs": 78.13540015934774,
    "Princeton": 77.97933630625582,
    "George Mason": 77.95350745757911,
    "Appalachian State": 77.88109570653255,
    "Arkansas": 77.80313761269844,
    "Santa Clara": 77.39981417681528,
    "Michigan": 77.11312361474623,
    "Louisiana Tech": 76.61291765250361,
    "Arizona State": 76.60480489462348,
    "California": 76.5682236034431,
    "Alabama Birmingham": 76.52521434031726,
    "Southern Illinois": 76.22744739290754,
    "Notre Dame": 76.21356121712338,
    "Yale": 75.95099608185267,
    "Georgia Tech": 75.85114459876827,
    "Northern Iowa": 75.79746203492384,
    "Charlotte": 75.64691644206398,
    "College Of Charleston": 75.59501355164257,
    "West Virginia": 75.57506753391316,
    "Tulane": 75.43563051081169,
    "Davidson": 75.31103752120752,
    "Oregon State": 75.09529107758502,
    "Seattle": 74.92618834613826,
    "Belmont": 74.85812685072773,
    "Cornell": 74.82359518775412,
    "Missouri": 74.70305425549665,
    "Akron": 74.62303857881736,
    "California San Diego": 74.41493355699382,
    "Vermont": 74.33321433476027,
    "Western Carolina": 74.13467098000453,
    "Texas Arlington": 74.09840368633017,
    "Hofstra": 73.92312814055748,
    "Wichita State": 73.84196352861939,
    "Liberty": 73.80253538693701,
    "Toledo": 73.73291174884103,
    "High Point": 73.54179033894857,
    "Troy": 73.3758757065499,
    "Oakland": 73.32546198181021,
    "Youngstown State": 73.14639450547995,
    "North Carolina Wilmington": 73.09916853349297,
    "Missouri State": 73.06632382699885,
    "Tarleton State": 73.02040900069923,
    "Drexel": 73.014155805269,
    "Western Kentucky": 72.90657332750008,
    "Wyoming": 72.6840118055619,
    "Murray State": 72.62483805345568,
    "South Dakota State": 72.52338038067319,
    "Ohio": 72.50439724560542,
    "Morehead State": 72.49038130660581,
    "Furman": 72.30550803351537,
    "Arkansas State": 72.23329258464273,
    "Chattanooga": 72.10262800142704,
    "North Carolina Greensboro": 72.0499865025154,
    "Loyola Marymount": 72.03759164989029,
    "Towson": 71.90078448185325,
    "Weber State": 71.8856534298416,
    "Hawaii": 71.8753641013368,
    "Wright State": 71.87484659158531,
    "Georgetown": 71.84926410586202,
    "Ipfw": 71.76679849365101,
    "Louisville": 71.70617790395816,
    "Montana": 71.63934830202994,
    "Sam Houston State": 71.57609915947981,
    "Vanderbilt": 71.55020785193557,
    "Colgate": 71.54984380090873,
    "Louisiana Lafayette": 71.52796205577143,
    "Kent State": 71.50282879272274,
    "Eastern Washington": 71.31817652432848,
    "St Thomas Mn": 71.28680810263346,
    "Fordham": 71.0692238256828,
    "East Carolina": 71.05202912724616,
    "Pepperdine": 71.00091569784523,
    "Stephen F Austin": 70.93679584353708,
    "California Davis": 70.8787526490028,
    "George Washington": 70.86002287014956,
    "Tulsa": 70.84082243051809,
    "Illinois State": 70.51397451831686,
    "Long Beach State": 70.49774595501681,
    "Illinois Chicago": 70.48038219799147,
    "Delaware": 70.37062273872114,
    "Utah Valley": 70.37005598602477,
    "Massachusetts Lowell": 70.32246390375835,
    "Temple": 70.31906359419604,
    "Texas El Paso": 70.28765450297223,
    "Lipscomb": 70.22255579476496,
    "Saint Louis": 70.06087769366442,
    "North Carolina Asheville": 69.95491347377691,
    "Longwood": 69.91728143988529,
    "La Salle": 69.91160998541869,
    "Winthrop": 69.61413492695395,
    "Rhode Island": 69.52467143238144,
    "California Baptist": 69.46078900495976,
    "Stony Brook": 69.27963446793743,
    "Fairfield": 69.13707409145324,
    "Fresno State": 69.1109649449122,
    "Arkansas Little Rock": 69.04361254309327,
    "Quinnipiac": 69.02534859245941,
    "Rice": 68.99754154620464,
    "California Santa Barbara": 68.97047084558554,
    "East Tennessee State": 68.94779920228152,
    "Evansville": 68.89588517258888,
    "Bryant": 68.86031938459342,
    "Monmouth": 68.64138148266235,
    "Cleveland State": 68.6340870388482,
    "Northern Kentucky": 68.58903338305421,
    "Texas State": 68.55908465430615,
    "Jacksonville State": 68.41483631161526,
    "Pennsylvania": 68.2958959892833,
    "San Jose State": 68.2142263911078,
    "Wofford": 68.08105119253285,
    "California Riverside": 67.86574399735319,
    "Northern Colorado": 67.78349982140796,
    "Brown": 67.78337316952427,