{
    "houston": 98.03853421311578,
    "arizona": 97.23047815167595,
    "purdue": 96.24294143279735,
    "connecticut": 95.96889631773965,
    "iowa-state": 94.7611770093222,
    "auburn": 94.68106341530203,
    "tennessee": 93.19549097626054,
    "alabama": 93.091229916477,
    "brigham-young": 92.33289924141945,
    "north-carolina": 92.30265171805812,
    "baylor": 91.9932422450786,
    "creighton": 91.70696157041469,
    "duke": 91.50536921511947,
    "illinois": 91.15724317120802,
    "marquette": 91.10814973475934,
    "michigan-state": 89.45963300650001,
    "kansas": 89.38799762305933,
    "saint-marys-ca": 89.31419780983492,
    "gonzaga": 88.99150784772797,
    "kentucky": 88.97475071184002,
    "wisconsin": 88.22260762404937,
    "colorado": 87.98641891767676,
    "new-mexico": 87.90211052801631,
    "st-johns-ny": 87.83199728851237,
    "texas": 87.5939901956695,
    "texas-tech": 87.49174504253979,
    "cincinnati": 87.14358938125966,
    "texas-christian": 87.13777166873629,
    "utah": 87.13629221522113,
    "san-diego-state": 86.93396837140925,
    "oklahoma": 86.79007438921245,
    "florida": 86.78506469971346,
    "wake-forest": 86.66500011902441,
    "pittsburgh": 86.66331687214479,
    "nebraska": 86.6464250676495,
    "clemson": 86.36058402040456,
    "villanova": 86.32212151936679,
    "mississippi-state": 86.23457674148982,
    "washington-state": 85.94478967830702,
    "ohio-state": 85.79219051271687,
    "colorado-state": 85.7360493965733,
    "boise-state": 85.61275440187173,
    "florida-atlantic": 85.44649484555923,
    "nevada": 85.15868734745378,
    "iowa": 84.93439896273794,
    "indiana-state": 84.87530744213429,
    "dayton": 84.87094570328452,
    "central-florida": 84.46905133031095,
    "texas-am": 84.3661562066041,
    "providence": 84.19462667957836,
    "northwestern": 84.09077832566008,
    "xavier": 84.00922662612099,
    "utah-state": 83.91333124149737,
    "butler": 83.88929062370433,
    "oregon": 83.78746626633267,
    "washington": 83.70977946313735,
    "virginia-tech": 83.51615421397868,
    "kansas-state": 83.38721115346803,
    "drake": 83.33806988725205,
    "seton-hall": 82.99887040005065,
    "south-carolina": 82.95095321701301,
    "north-carolina-state": 82.94094370641311,
    "southern-methodist": 82.4301829851247,
    "virginia": 82.40140978237766,
    "maryland": 82.38755425375766,
    "grand-canyon": 81.75220786395765,
    "bradley": 81.7216778289383,
    "san-francisco": 81.70851819948565,
    "miami-fl": 81.58711483702687,
    "minnesota": 81.46697670898,
    "southern-california": 81.29320264302508,
    "penn-state": 81.07404552279891,
    "florida-state": 80.91268400204059,
    "boston-college": 80.89709713076851,
    "nevada-las-vegas": 80.61989106423457,
    "james-madison": 80.5680407571189,
    "memphis": 80.56141197673253,
    "louisiana-state": 80.34177576425704,
    "virginia-commonwealth": 80.2237047367273,
    "north-texas": 80.21333799216745,
    "mississippi": 80.01621896388774,
    "syracuse": 79.89249168501341,
    "richmond": 79.85942398184486,
    "georgia": 79.75515253847256,
    "stanford": 79.54708571102188,
    "indiana": 79.53956187968683,
    "ucla": 79.44417104575504,
    "rutgers": 79.42958281705847,
    "massachusetts": 79.35320147652496,
    "california-irvine": 79.07632279662681,
    "south-florida": 78.99848690845444,
    "duquesne": 78.99006039794065,
    "st-bonaventure": 78.88934825484313,
    "mcneese-state": 78.86343462427132,
    "loyola-il": 78.75681824861522,
    "samford": 78.64025857589871,
    "saint-josephs": 78.47630636117103,
    "oklahoma-state": 78.43691092499523,
    "appalachian-state": 78.26725315859666,
    "princeton": 78.2642221325255,
    "george-mason": 78.13001916795183,
    "arkansas": 77.9987032522256,
    "santa-clara": 77.65343177160767,
    "michigan": 77.44782413496787,
    "arizona-state": 76.89794508112132,
    "california": 76.8704670196793,
    "louisiana-tech": 76.86343095308835,
    "alabama-birmingham": 76.72623108872267,
    "notre-dame": 76.56126920665127,
    "southern-illinois": 76.4329046272496,
    "yale": 76.27561941149331,
    "georgia-tech": 76.08949198052584,
    "northern-iowa": 76.07047385139386,
    "charlotte": 75.93032433413268,
    "west-virginia": 75.80509100731744,
    "college-of-charleston": 75.79913951771762,
    "tulane": 75.75615758182838,
    "davidson": 75.55949765327411,
    "oregon-state": 75.39936002134573,
    "belmont": 75.06963099968792,
    "seattle": 75.06091926678309,
    "cornell": 74.94788410975171,
    "missouri": 74.93807053990587,
    "akron": 74.85096481031366,
    "california-san-diego": 74.71266272469876,
    "vermont": 74.51154605379969,
    "texas-arlington": 74.42209935957759,
    "western-carolina": 74.20461213538464,
    "toledo": 74.10387777960165,
    "liberty": 74.07624151370752,
    "wichita-state": 74.06663231797049,
    "hofstra": 74.04261810301585,
    "oakland": 73.68642771915337,
    "high-point": 73.6284411185334,
    "troy": 73.45643210709068,
    "tarleton-state": 73.37679091238988,
    "missouri-state": 73.35946356706613,
    "western-kentucky": 73.3493993527975,
    "youngstown-state": 73.29398817363675,
    "drexel": 73.20582498969624,
    "north-carolina-wilmington": 73.18893628939354,
    "wyoming": 72.93539491167836,
    "ohio": 72.76101803054019,
    "morehead-state": 72.73013167986774,
    "murray-state": 72.71708393097535,
    "south-dakota-state": 72.62561132507079,
    "arkansas-state": 72.56401539446475,
    "chattanooga": 72.5437166715709,
    "loyola-marymount": 72.44376561910605,
    "furman": 72.38401446061584,
    "towson": 72.30595445189475,
    "north-carolina-greensboro": 72.17730964891524,
    "hawaii": 72.16802149128256,
    "georgetown": 72.14899296380018,
    "wright-state": 72.0628904344369,
    "weber-state": 72.05724371274204,
    "montana": 71.96589348304961,
    "louisiana-lafayette": 71.95134802210696,
    "louisville": 71.93778378629834,
    "sam-houston-state": 71.93681079167305,
    "ipfw": 71.86231833570892,
    "vanderbilt": 71.81539475410554,
    "colgate": 71.79844570485989,
    "kent-state": 71.69650253802266,
    "eastern-washington": 71.5215415591019,
    "fordham": 71.47415013878027,
    "st-thomas-mn": 71.4690040548771,
    "east-carolina": 71.44244198135924,
    "pepperdine": 71.3348457677163,
    "stephen-f-austin": 71.22202316363209,
    "george-washington": 71.18138725451546,
    "california-davis": 71.1625348506636,
    "tulsa": 71.08612445443462,
    "illinois-state": 70.73704520608226,
    "massachusetts-lowell": 70.71823139488946,
    "long-beach-state": 70.7143146264351,
    "illinois-chicago": 70.68252155818098,
    "temple": 70.65526150700565,
    "utah-valley": 70.61343788749652,
    "texas-el-paso": 70.56703866158612,
    "delaware": 70.499988233143,
    "longwood": 70.32959038200168,
    "saint-louis": 70.32811457506511,
    "la-salle": 70.31495209193152,
    "lipscomb": 70.29360783972807,
    "north-carolina-asheville": 70.19486017228374,
    "winthrop": 69.8695730692359,
    "rhode-island": 69.75074650561298,
    "california-baptist": 69.6640243542663,
    "fairfield": 69.45610860090878,
    "fresno-state": 69.43538651903712,
    "stony-brook": 69.37234750696302,
    "quinnipiac": 69.37083604754788,
    "east-tennessee-state": 69.36007132155602,
    "arkansas-little-rock": 69.28116645551208,
    "california-santa-barbara": 69.20171545151504,
    "evansville": 69.17919520006785,
    "cleveland-state": 69.13231790414726,
    "rice": 69.11185276855734,
    "bryant": 68.99061560880878,
    "monmouth": 68.89480538037768,
    "texas-state": 68.77428899552329,
    "northern-kentucky": 68.73105974002416,
    "pennsylvania": 68.66747678837179,
    "jacksonville-state": 68.57342388079671,
    "san-jose-state": 68.48230349180375,
    "wofford": 68.40150890824681,
    "brown": 68.1846603464917,
    "california-riverside": 68.11338133957622,
    "northern-colorado": 68.02262567155562,