{
    "houston": 97.59273688227466,
    "arizona": 96.77320964332546,
    "purdue": 95.76369625643332,
    "connecticut": 95.5173976499028,
    "iowa-state": 94.2232581266191,
    "auburn": 93.8179353967174,
    "tennessee": 92.79938906476046,
    "alabama": 92.65882841756671,
    "north-carolina": 91.89890895482712,
    "brigham-young": 91.82649530248285,
    "baylor": 91.43999488552517,
    "creighton": 91.23440502873335,
    "duke": 91.10661518925538,
    "illinois": 90.60861993533888,
    "marquette": 90.57003969306047,
    "michigan-state": 88.96772060282917,
    "kansas": 88.90514024748605,
    "saint-marys-ca": 88.87645942670227,
    "kentucky": 88.60765898538395,
    "gonzaga": 88.53797456488168,
    "wisconsin": 87.78826439758204,
    "st-johns-ny": 87.38528495135394,
    "colorado": 87.35389640281645,
    "new-mexico": 87.33551257772248,
    "texas": 87.2217967256373,
    "texas-tech": 87.03999544417742,
    "cincinnati": 86.71106893029229,
    "texas-christian": 86.59760990435048,
    "utah": 86.57437100108707,
    "florida": 86.5302231917808,
    "nebraska": 86.2895205762821,
    "pittsburgh": 86.28289495383763,
    "san-diego-state": 86.27903484682629,
    "oklahoma": 86.22726669404041,
    "wake-forest": 86.22677401411988,
    "clemson": 85.92374425757208,
    "villanova": 85.87482270945382,
    "mississippi-state": 85.79926627510493,
    "washington-state": 85.33688955074207,
    "ohio-state": 85.26643124755225,
    "boise-state": 85.20816417346161,
    "florida-atlantic": 84.96557695914015,
    "nevada": 84.71845701757107,
    "iowa": 84.53410738035561,
    "colorado-state": 84.44712388715395,
    "dayton": 84.41001501560137,
    "indiana-state": 84.39082427741685,
    "central-florida": 83.96462644883955,
    "texas-am": 83.96030473737444,
    "providence": 83.72006911975106,
    "northwestern": 83.60083689434803,
    "xavier": 83.5300947400842,
    "butler": 83.4175516102499,
    "utah-state": 83.39149861964714,
    "virginia-tech": 83.20956048383414,
    "oregon": 83.20004471267393,
    "washington": 83.18275928184094,
    "kansas-state": 82.91640336160573,
    "drake": 82.69385840172323,
    "seton-hall": 82.56110581248058,
    "north-carolina-state": 82.53541072784492,
    "south-carolina": 82.46875298535082,
    "virginia": 82.42835652126253,
    "maryland": 82.04223895011845,
    "southern-methodist": 81.9457381955292,
    "san-francisco": 81.22945450865006,
    "bradley": 81.18306418163493,
    "miami-fl": 81.17574360318362,
    "grand-canyon": 81.13342015306031,
    "minnesota": 80.9696562472335,
    "southern-california": 80.79653286194198,
    "penn-state": 80.59290045108436,
    "florida-state": 80.56422606626127,
    "boston-college": 80.46043907935018,
    "memphis": 80.17954196751771,
    "nevada-las-vegas": 80.11338066262404,
    "james-madison": 80.01542860812702,
    "virginia-commonwealth": 79.99401965602307,
    "north-texas": 79.86567175377147,
    "louisiana-state": 79.83677621537426,
    "mississippi": 79.57515227779051,
    "syracuse": 79.50506799864493,
    "richmond": 79.49793840570213,
    "georgia": 79.37019453482202,
    "stanford": 79.09328797534594,
    "indiana": 78.98098262012726,
    "rutgers": 78.97773540571846,
    "ucla": 78.92137336962688,
    "massachusetts": 78.86961872207678,
    "california-irvine": 78.5621834555859,
    "duquesne": 78.4341790720296,
    "south-florida": 78.42776527410476,
    "mcneese-state": 78.40780617566452,
    "st-bonaventure": 78.35416772213831,
    "loyola-il": 78.25518258968694,
    "samford": 78.19534191637904,
    "oklahoma-state": 78.0192474235419,
    "saint-josephs": 77.99343098087253,
    "princeton": 77.96149113837207,
    "george-mason": 77.72505407080884,
    "appalachian-state": 77.63305232722739,
    "arkansas": 77.5221417214575,
    "santa-clara": 77.06715602549552,
    "michigan": 76.89123974056807,
    "louisiana-tech": 76.42859302432608,
    "arizona-state": 76.36074154069301,
    "california": 76.34964124583516,
    "yale": 76.10068332183636,
    "notre-dame": 76.09016527929141,
    "southern-illinois": 75.98233758420469,
    "alabama-birmingham": 75.95339638594707,
    "georgia-tech": 75.72938012205371,
    "northern-iowa": 75.53786726669159,
    "college-of-charleston": 75.51570462608991,
    "charlotte": 75.50175900815874,
    "west-virginia": 75.35515125291778,
    "tulane": 75.1696192619424,
    "davidson": 75.05941931590088,
    "oregon-state": 74.88545857929829,
    "belmont": 74.66026738586022,
    "seattle": 74.59527420023657,
    "akron": 74.57508034267762,
    "cornell": 74.560272927073,
    "missouri": 74.54747640815694,
    "california-san-diego": 74.2367624593716,
    "vermont": 74.01608366371207,
    "texas-arlington": 73.84205712487403,
    "western-carolina": 73.73763146418875,
    "liberty": 73.67834308600796,
    "hofstra": 73.66635730575584,
    "wichita-state": 73.6638718113499,
    "toledo": 73.55605961730853,
    "high-point": 73.37683736079005,
    "troy": 73.11774155661877,
    "oakland": 73.11687250268216,
    "youngstown-state": 73.02083818554902,
    "missouri-state": 72.94002193217197,
    "north-carolina-wilmington": 72.93620258352576,
    "western-kentucky": 72.88800032850149,
    "drexel": 72.7271689488153,
    "wyoming": 72.49986644660909,
    "morehead-state": 72.44094482190366,
    "murray-state": 72.42853096253279,
    "south-dakota-state": 72.36930593730482,
    "ohio": 72.24200661244276,
    "tarleton-state": 72.11480958939067,
    "chattanooga": 72.0486699290231,
    "furman": 72.04834508538099,
    "arkansas-state": 72.02529720096484,
    "towson": 71.94327444666607,
    "loyola-marymount": 71.90466525304726,
    "wright-state": 71.76998478496517,
    "north-carolina-greensboro": 71.70998721172305,
    "hawaii": 71.70150276813793,
    "weber-state": 71.68376883345643,
    "georgetown": 71.65535538206016,
    "louisville": 71.64859104737344,
    "montana": 71.54019135383182,
    "vanderbilt": 71.47040898370541,
    "colgate": 71.4587797704039,
    "louisiana-lafayette": 71.37312617331439,
    "ipfw": 71.36953141640242,
    "sam-houston-state": 71.35860022070183,
    "kent-state": 71.35417071071065,
    "eastern-washington": 71.2559698983354,
    "east-carolina": 71.05140123643164,
    "st-thomas-mn": 70.90363370793793,
    "fordham": 70.8729922612522,
    "pepperdine": 70.78268795844608,
    "george-washington": 70.71826528088124,
    "california-davis": 70.68202056987373,
    "stephen-f-austin": 70.634243858531,
    "tulsa": 70.59822508961723,
    "temple": 70.46123611566017,
    "illinois-state": 70.32461583495633,
    "long-beach-state": 70.31546540725364,
    "delaware": 70.19171713142218,
    "illinois-chicago": 70.19144116179334,
    "massachusetts-lowell": 70.15957777062656,
    "texas-el-paso": 70.12845548734064,
    "saint-louis": 70.05689131407522,
    "lipscomb": 70.05233671397625,
    "utah-valley": 70.0511555242097,
    "longwood": 69.85080325324783,
    "north-carolina-asheville": 69.82268225563516,
    "la-salle": 69.7561359203327,
    "winthrop": 69.50594163428094,
    "rhode-island": 69.4395767313328,
    "stony-brook": 69.14963943861476,
    "california-baptist": 69.0921964223675,
    "arkansas-little-rock": 68.90087865348555,
    "fresno-state": 68.90019171802967,
    "fairfield": 68.8909103171977,
    "quinnipiac": 68.85506683725208,
    "rice": 68.83985139628096,
    "california-santa-barbara": 68.82951071796118,
    "cleveland-state": 68.7228396442601,
    "evansville": 68.71114336032485,
    "bryant": 68.6975672270781,
    "east-tennessee-state": 68.66925335632611,
    "monmouth": 68.41182431604022,
    "northern-kentucky": 68.32466339950442,
    "texas-state": 68.23142924813797,
    "pennsylvania": 68.22211710434432,
    "wofford": 68.06204128972344,
    "jacksonville-state": 68.04747700178201,
    "san-jose-state": 68.04243949187249,
    "northern-colorado": 67.66119134004593,
    "california-riverside": 67.60916338898186,
    "texas-am-corpus-christi": 67.50976083334658,